<?xml version="1.0" encoding="UTF-8"?>
<?xml-model href="http://jamescummings.github.io/LEAP/leap.rng" type="application/xml" schematypens="http://relaxng.org/ns/structure/1.0"?>
<?xml-model href="http://jamescummings.github.io/LEAP/leap.rng" type="application/xml" schematypens="http://purl.oclc.org/dsdl/schematron"?>
<?xml-stylesheet type="text/xsl" href="http://jamescummings.github.io/LEAP/transcription.xsl"?>
<TEI xmlns="http://www.tei-c.org/ns/1.0" xml:id="liv_000015"><!-- Change @xml:id -->
    <teiHeader>
        <fileDesc>
            <titleStmt>
				<!-- Change title below -->
                <title>Field Diary XV, 7 July 1872-1 December 1872</title>
                <author>David Livingstone</author>
                <principal>Adrian S. Wisnicki</principal>
                <principal>Christopher Lawrence</principal>
				<!-- Change and add items below as appropriate -->
                <respStmt xml:id="AW">
                    <name>Adrian S. Wisnicki</name>
                    <resp>Transcription</resp>
                    <resp>TEI Encoding</resp>
                    <resp>Editorial Decisions</resp>
					<resp>Proofing</resp>
					<resp>Encoding Review</resp>
                </respStmt>
				<respStmt xml:id="CL">
					<name>Christopher Lawrence</name>
					<resp>Final proofing</resp>
				</respStmt>
                <respStmt xml:id="MW">
                    <name>Megan Ward</name>
                    <resp>Transcription</resp>
                    <resp>TEI Encoding</resp>
                    <resp>Editorial Decisions</resp>
					<resp>Proofing</resp>
                </respStmt>
                <respStmt xml:id="HB">
                    <name>Heather F. Ball</name>
                    <resp>Transcription</resp>
                    <resp>TEI Encoding</resp>
                    <resp>Editorial Decisions</resp>
					<resp>Proofing</resp>
					<resp>Quality Control and Integration</resp>
                </respStmt>
                <respStmt xml:id="KS">
                    <name>Kate Simpson</name>
                    <resp>Transcription</resp>
                    <resp>TEI Encoding</resp>
                    <resp>Editorial Decisions</resp>
					<resp>Proofing</resp>
                </respStmt>
                <respStmt xml:id="JM">
                    <name>Jared McDonald</name>
                    <resp>Transcription</resp>
                    <resp>TEI Encoding</resp>
					<resp>Proofing</resp>
                </respStmt>
                <respStmt xml:id="AA">
                    <name>Angela Aliff</name>
                    <resp>Transcription</resp>
                    <resp>TEI Encoding</resp>
					<resp>Proofing</resp>
                </respStmt>
                <respStmt xml:id="AK">
                    <name>Ashanka Kumari</name>
                    <resp>Transcription</resp>
                    <resp>TEI Encoding</resp>
					<resp>Proofing</resp>
                </respStmt>
				<respStmt xml:id="EC">
                    <name>Erin Cheatham</name>
                    <resp>Transcription</resp>
                    <resp>TEI Encoding</resp>
					<resp>Proofing</resp>
                </respStmt>
				<respStmt xml:id="SF">
                    <name>Samantha Fitch</name>
                    <resp>Transcription</resp>
                    <resp>TEI Encoding</resp>
					<resp>Proofing</resp>
                </respStmt>
                <respStmt xml:id="AM">
                    <name>Anne Martin</name>
                    <resp>Transcription</resp>
                    <resp>TEI Encoding</resp>
					<resp>Proofing</resp>
                </respStmt>	
            </titleStmt>
            <publicationStmt>
                <authority>Livingstone Online</authority>
                <publisher>UCLA Digital Library</publisher>
                <pubPlace>Los Angeles, CA, USA</pubPlace>
                <date>2015</date><!-- Change -->
                <availability><!-- Change as appropriate -->
                    <licence target="https://creativecommons.org/licenses/by-nc/3.0/">
                        All materials are licensed for use under the 
                        <ref target="https://creativecommons.org/licenses/by-nc/3.0/">
                        Creative Commons Attribution-Noncommercial 3.0 Unported License</ref>. 
                        (c) Dr. Neil Imray Livingstone Wilson, 2015
                    </licence>
                </availability>
            </publicationStmt>
            <sourceDesc>
                <msDesc>
                    <msIdentifier>
						<!-- Change items below as appropriate -->
                        <country>United Kingdom</country>
                        <settlement>Blantyre</settlement>
                        <repository>David Livingstone Centre</repository>
                        <idno type="shelfmark">Cat 1131</idno>
                        <altIdentifier>
                            <idno type="ccnumber">Field Diaries, 028</idno>
                        </altIdentifier>
                    </msIdentifier>
                    <physDesc>
                        <handDesc>
							<!-- Add <handNote>s if needed. -->
                            <handNote xml:id="U"><label>Unknown Hand</label> This hand is unknown
                                but thought not David Livingstone's.</handNote>
                        </handDesc>
                    </physDesc>
                </msDesc>
                <bibl type="sourceMetadata">
					<!-- Change info below as needed -->
                    <title>Field Diary XV, 7 July 1872 - 1 December 1872</title>
                    <author xml:id="DL">David Livingstone</author>
                    <date type="composition" from="1872-07-07" to="1872-12-01">7 July 1872 - 1 December 1872</date>
                </bibl>
            </sourceDesc>
        </fileDesc>
        <profileDesc>
            <langUsage>
				<!-- See LEAP encoding manual sect. 20 for language abbreviations. 
				English should be first, then add all other languages, as appropriate, 
				in alphabetical order. -->
                <language ident="en">English</language>
            </langUsage>
        </profileDesc>
        <revisionDesc>
			<!-- Change @when, @who, and work description below. -->
			<!-- Note that @who initials are taken from <respStmt> above -->
			<!-- Add new <change> elements below as needed. -->
			<!-- Note that the most recent <change> should always be placed first, at the top -->
            <change when="2014-05-03" who="#AW">Transcription and XML encoding</change>
        </revisionDesc>
    </teiHeader>

    <text>
		<front>
		<!-- Create this section if necessary -->
		</front>

       	<body>
			<div>
				<gb/><!-- Repeat, if necessary, to mark things like changes in types of writing paper. -->

	<pb facs="liv_000015_0001" n="0001"/><!-- Change and repeat as necessary. -->
<lb/><p><!-- Text goes here --></p>

	<!-- More text -->

			</div>
		</body>

		<back>
		<!-- Create this section if necessary -->
		</back>		

    </text>
</TEI>
